{
  "H0": {
    "mean": 73.285383889733,
    "p16": 71.6045607385356,
    "p50": 73.39322083755162,
    "p84": 74.94697119006963
  },
  "Omega_m0": {
    "mean": 0.2966573915698746,
    "p16": 0.17483593707418188,
    "p50": 0.29924805355058925,
    "p84": 0.4213763515107883
  },
  "burn": 600,
  "model": "FlatLCDM",
  "n_posterior_samples": 24000,
  "n_steps_done": 1800,
  "n_steps_target": 1800,
  "n_walkers": 40,
  "reference_h0licow_wong2019": {
    "h0": 73.3,
    "sigma": 1.8,
    "zscore_median": 0.05178935419534822
  },
  "thin": 2
}
