{
  "created_utc": "2026-02-09T06:20:06Z",
  "dominant_transfer_term": "delta_h0_ladder_local",
  "draws_effective": 8000,
  "elapsed_sec": 7.617642641067505,
  "logZ_no_transfer": 15.936499504268207,
  "logZ_transfer_model": 15.403421167828437,
  "log_bayes_factor_transfer_vs_no_transfer": -0.53307833643977,
  "o3_delta_lpd_metadata": 3.669945265,
  "parameter_posteriors": {
    "beta_bao": {
      "mean": -0.007027036060247715,
      "p16": -0.024813530645976817,
      "p50": -0.007241630741137984,
      "p84": 0.01093644723857655,
      "sd": 0.018997672182880915
    },
    "beta_cc": {
      "mean": -0.0334336422290337,
      "p16": -0.17196681440237876,
      "p50": -0.03412093908931406,
      "p84": 0.10548452805166407,
      "sd": 0.14454494126217024
    },
    "beta_ia": {
      "mean": -0.027436393207979838,
      "p16": -0.06749800162208155,
      "p50": -0.029573456739435452,
      "p84": 0.013039710158621886,
      "sd": 0.04130149343907924
    },
    "delta_h0_ladder": {
      "mean": 0.5074933695013879,
      "p16": -0.41447862223990845,
      "p50": 0.5023749093982622,
      "p84": 1.4293063239527994,
      "sd": 0.9296982187435796
    }
  },
  "relief_posterior": {
    "mean": 0.8509813957091708,
    "p16": 0.8312901443619194,
    "p50": 0.856068352700478,
    "p84": 0.8700944725788885,
    "sd": 0.11101831172110542
  },
  "relief_sensitivity_weighted": {
    "beta_bao": {
      "weighted_corr": -0.022552040824837187,
      "weighted_slope": -0.024411724033346124
    },
    "beta_cc": {
      "weighted_corr": -0.47180332317984097,
      "weighted_slope": -0.06712295858003911
    },
    "beta_ia": {
      "weighted_corr": -0.17633396073634963,
      "weighted_slope": -0.08779771209385134
    },
    "delta_h0_ladder": {
      "weighted_corr": 0.6521547705334003,
      "weighted_slope": 0.014425194204284933
    }
  },
  "term_dominance_mean_abs_loglike_delta": {
    "beta_bao_bao": 0.37536071511383934,
    "beta_cc_cc": 0.2911554851250956,
    "beta_ia_sn": 0.8809754384386038,
    "delta_h0_ladder_local": 0.909341944080785
  },
  "theta_samples_evaluated": 32768
}
