{
  "delta_lpd_total": {
    "max": 0.07624139794717166,
    "mean": -0.8394302286619846,
    "min": -1.2934653385947286,
    "n": 512.0,
    "p16": -1.0603393581065461,
    "p50": -0.8875600598487949,
    "p84": -0.5990242091116329,
    "p_ge_0": 0.001953125,
    "p_ge_3": 0.0,
    "sd": 0.23954004763361786
  },
  "delta_lpd_total_data": {
    "max": -0.6512461846359088,
    "mean": -1.3736019153908585,
    "min": -1.672999738993326,
    "n": 512.0,
    "p16": -1.5286323532998836,
    "p50": -1.4183762415330534,
    "p84": -1.2066521893262916,
    "p_ge_0": 0.0,
    "p_ge_3": 0.0,
    "sd": 0.1748905140083594
  },
  "delta_lpd_total_sel": {
    "max": 0.7274875825830804,
    "mean": 0.534171686728874,
    "min": 0.33010640736051755,
    "n": 512.0,
    "p16": 0.46506647454168615,
    "p50": 0.5327872988516447,
    "p84": 0.6065463380982692,
    "p_ge_0": 1.0,
    "p_ge_3": 0.0,
    "sd": 0.06755032084235775
  },
  "elapsed_sec": 3317.186081647873,
  "n_draws": 256,
  "n_events": 36,
  "n_rep": 512,
  "n_rep_done": 512,
  "truth_model": "gr"
}
